-- MySQL dump 10.13  Distrib 8.0.22, for Linux (x86_64)
--
-- Host: 127.0.0.1    Database: evryka_dev
-- ------------------------------------------------------
-- Server version	8.0.22-0ubuntu0.20.10.2

/*!40101 SET @OLD_CHARACTER_SET_CLIENT=@@CHARACTER_SET_CLIENT */;
/*!40101 SET @OLD_CHARACTER_SET_RESULTS=@@CHARACTER_SET_RESULTS */;
/*!40101 SET @OLD_COLLATION_CONNECTION=@@COLLATION_CONNECTION */;
/*!50503 SET NAMES utf8mb4 */;
/*!40103 SET @OLD_TIME_ZONE=@@TIME_ZONE */;
/*!40103 SET TIME_ZONE='+00:00' */;
/*!40014 SET @OLD_UNIQUE_CHECKS=@@UNIQUE_CHECKS, UNIQUE_CHECKS=0 */;
/*!40014 SET @OLD_FOREIGN_KEY_CHECKS=@@FOREIGN_KEY_CHECKS, FOREIGN_KEY_CHECKS=0 */;
/*!40101 SET @OLD_SQL_MODE=@@SQL_MODE, SQL_MODE='NO_AUTO_VALUE_ON_ZERO' */;
/*!40111 SET @OLD_SQL_NOTES=@@SQL_NOTES, SQL_NOTES=0 */;

--
-- Table structure for table `SequelizeMeta`
--

DROP TABLE IF EXISTS `SequelizeMeta`;
/*!40101 SET @saved_cs_client     = @@character_set_client */;
/*!50503 SET character_set_client = utf8mb4 */;
CREATE TABLE `SequelizeMeta` (
  `name` varchar(255) COLLATE utf8_unicode_ci NOT NULL,
  PRIMARY KEY (`name`),
  UNIQUE KEY `name` (`name`)
) ENGINE=InnoDB DEFAULT CHARSET=utf8 COLLATE=utf8_unicode_ci;
/*!40101 SET character_set_client = @saved_cs_client */;

--
-- Dumping data for table `SequelizeMeta`
--

LOCK TABLES `SequelizeMeta` WRITE;
/*!40000 ALTER TABLE `SequelizeMeta` DISABLE KEYS */;
INSERT INTO `SequelizeMeta` VALUES ('20201004111339-create-teams.js'),('20201004124736-create-users.js'),('20201009155010-create-question-types.js'),('20201009155332-create-questions.js'),('20201009160554-create-answers.js'),('20201009162400-create-answers-recieved.js'),('20201102153038-create-active-namespaces.js'),('20201107144113-create-users-active-namespaces.js');
/*!40000 ALTER TABLE `SequelizeMeta` ENABLE KEYS */;
UNLOCK TABLES;

--
-- Table structure for table `active_namespaces`
--

DROP TABLE IF EXISTS `active_namespaces`;
/*!40101 SET @saved_cs_client     = @@character_set_client */;
/*!50503 SET character_set_client = utf8mb4 */;
CREATE TABLE `active_namespaces` (
  `id` int NOT NULL AUTO_INCREMENT,
  `admin_id` int DEFAULT NULL,
  `namespace_identifier` varchar(255) DEFAULT NULL,
  `is_active` tinyint(1) DEFAULT NULL,
  `createdAt` datetime NOT NULL,
  `updatedAt` datetime NOT NULL,
  PRIMARY KEY (`id`),
  KEY `admin_id` (`admin_id`),
  CONSTRAINT `active_namespaces_ibfk_1` FOREIGN KEY (`admin_id`) REFERENCES `users` (`id`)
) ENGINE=InnoDB AUTO_INCREMENT=6 DEFAULT CHARSET=utf8mb4 COLLATE=utf8mb4_0900_ai_ci;
/*!40101 SET character_set_client = @saved_cs_client */;

--
-- Dumping data for table `active_namespaces`
--

LOCK TABLES `active_namespaces` WRITE;
/*!40000 ALTER TABLE `active_namespaces` DISABLE KEYS */;
INSERT INTO `active_namespaces` VALUES (1,1,'1611326684850',0,'2021-01-22 16:44:44','2021-01-22 16:44:44'),(2,1,'1611515568993',0,'2021-01-24 21:12:48','2021-01-24 21:12:48'),(3,1,'1611515639957',0,'2021-01-24 21:13:59','2021-01-24 21:13:59'),(4,1,'1611520792170',0,'2021-01-24 22:39:52','2021-01-24 22:39:52'),(5,1,'1611520803022',1,'2021-01-24 22:40:03','2021-01-24 22:40:03');
/*!40000 ALTER TABLE `active_namespaces` ENABLE KEYS */;
UNLOCK TABLES;

--
-- Table structure for table `answers`
--

DROP TABLE IF EXISTS `answers`;
/*!40101 SET @saved_cs_client     = @@character_set_client */;
/*!50503 SET character_set_client = utf8mb4 */;
CREATE TABLE `answers` (
  `id` int NOT NULL AUTO_INCREMENT,
  `answer` varchar(255) DEFAULT NULL,
  `question_id` int DEFAULT NULL,
  `is_correct` tinyint(1) DEFAULT '0',
  `createdAt` datetime NOT NULL,
  `updatedAt` datetime NOT NULL,
  PRIMARY KEY (`id`),
  KEY `question_id` (`question_id`),
  CONSTRAINT `answers_ibfk_1` FOREIGN KEY (`question_id`) REFERENCES `questions` (`id`)
) ENGINE=InnoDB AUTO_INCREMENT=497 DEFAULT CHARSET=utf8mb4 COLLATE=utf8mb4_0900_ai_ci;
/*!40101 SET character_set_client = @saved_cs_client */;

--
-- Dumping data for table `answers`
--

LOCK TABLES `answers` WRITE;
/*!40000 ALTER TABLE `answers` DISABLE KEYS */;
INSERT INTO `answers` VALUES (3,'a1',101,0,'2021-04-17 19:48:12','2021-04-17 19:48:12'),(4,'a2',101,0,'2021-04-17 19:48:12','2021-04-17 19:48:12'),(5,'a3',101,1,'2021-04-17 19:48:12','2021-04-17 19:48:12'),(6,'a4',101,0,'2021-04-17 19:48:12','2021-04-17 19:48:12'),(7,'a5',102,0,'2021-04-18 19:48:12','2021-04-18 19:48:12'),(8,'a6',102,0,'2021-04-19 19:48:12','2021-04-19 19:48:12'),(9,'a7',102,1,'2021-04-20 19:48:12','2021-04-20 19:48:12'),(10,'a8',102,0,'2021-04-21 19:48:12','2021-04-21 19:48:12'),(11,'a9',102,0,'2021-04-22 19:48:12','2021-04-22 19:48:12'),(12,'a10',103,0,'2021-04-23 19:48:12','2021-04-23 19:48:12'),(13,'a11',103,1,'2021-04-24 19:48:12','2021-04-24 19:48:12'),(14,'a12',103,0,'2021-04-25 19:48:12','2021-04-25 19:48:12'),(15,'a13',103,0,'2021-04-26 19:48:12','2021-04-26 19:48:12'),(16,'a14',103,0,'2021-04-27 19:48:12','2021-04-27 19:48:12'),(17,'a15',104,1,'2021-04-28 19:48:12','2021-04-28 19:48:12'),(18,'a16',104,0,'2021-04-29 19:48:12','2021-04-29 19:48:12'),(19,'a17',104,0,'2021-04-30 19:48:12','2021-04-30 19:48:12'),(20,'a18',104,0,'2021-05-01 19:48:12','2021-05-01 19:48:12'),(21,'a19',104,1,'2021-05-02 19:48:12','2021-05-02 19:48:12'),(22,'a20',105,0,'2021-05-03 19:48:12','2021-05-03 19:48:12'),(23,'a21',105,0,'2021-05-04 19:48:12','2021-05-04 19:48:12'),(24,'a22',105,0,'2021-05-05 19:48:12','2021-05-05 19:48:12'),(25,'a23',105,1,'2021-05-06 19:48:12','2021-05-06 19:48:12'),(26,'a24',105,0,'2021-05-07 19:48:12','2021-05-07 19:48:12'),(27,'a25',106,0,'2021-05-08 19:48:12','2021-05-08 19:48:12'),(28,'a26',106,0,'2021-05-09 19:48:12','2021-05-09 19:48:12'),(29,'a27',106,1,'2021-05-10 19:48:12','2021-05-10 19:48:12'),(30,'a28',106,0,'2021-05-11 19:48:12','2021-05-11 19:48:12'),(31,'a29',106,0,'2021-05-12 19:48:12','2021-05-12 19:48:12'),(32,'a30',107,0,'2021-05-13 19:48:12','2021-05-13 19:48:12'),(33,'a31',107,1,'2021-05-14 19:48:12','2021-05-14 19:48:12'),(34,'a32',107,0,'2021-05-15 19:48:12','2021-05-15 19:48:12'),(35,'a33',107,0,'2021-05-16 19:48:12','2021-05-16 19:48:12'),(36,'a34',107,0,'2021-05-17 19:48:12','2021-05-17 19:48:12'),(37,'a35',108,1,'2021-05-18 19:48:12','2021-05-18 19:48:12'),(38,'a36',108,0,'2021-05-19 19:48:12','2021-05-19 19:48:12'),(39,'a37',108,0,'2021-05-20 19:48:12','2021-05-20 19:48:12'),(40,'a38',108,0,'2021-05-21 19:48:12','2021-05-21 19:48:12'),(41,'a39',108,1,'2021-05-22 19:48:12','2021-05-22 19:48:12'),(42,'a40',109,0,'2021-05-23 19:48:12','2021-05-23 19:48:12'),(43,'a41',109,0,'2021-05-24 19:48:12','2021-05-24 19:48:12'),(44,'a42',109,0,'2021-05-25 19:48:12','2021-05-25 19:48:12'),(45,'a43',109,1,'2021-05-26 19:48:12','2021-05-26 19:48:12'),(46,'a44',109,0,'2021-05-27 19:48:12','2021-05-27 19:48:12'),(47,'a45',110,0,'2021-05-28 19:48:12','2021-05-28 19:48:12'),(48,'a46',110,0,'2021-05-29 19:48:12','2021-05-29 19:48:12'),(49,'a47',110,1,'2021-05-30 19:48:12','2021-05-30 19:48:12'),(50,'a48',110,0,'2021-05-31 19:48:12','2021-05-31 19:48:12'),(51,'a49',110,0,'2021-06-01 19:48:12','2021-06-01 19:48:12'),(52,'a50',111,0,'2021-06-02 19:48:12','2021-06-02 19:48:12'),(53,'a51',111,1,'2021-06-03 19:48:12','2021-06-03 19:48:12'),(54,'a52',111,0,'2021-06-04 19:48:12','2021-06-04 19:48:12'),(55,'a53',111,0,'2021-06-05 19:48:12','2021-06-05 19:48:12'),(56,'a54',111,0,'2021-06-06 19:48:12','2021-06-06 19:48:12'),(57,'a55',112,1,'2021-06-07 19:48:12','2021-06-07 19:48:12'),(58,'a56',112,0,'2021-06-08 19:48:12','2021-06-08 19:48:12'),(59,'a57',112,0,'2021-06-09 19:48:12','2021-06-09 19:48:12'),(60,'a58',112,0,'2021-06-10 19:48:12','2021-06-10 19:48:12'),(61,'a59',112,1,'2021-06-11 19:48:12','2021-06-11 19:48:12'),(62,'a60',113,0,'2021-06-12 19:48:12','2021-06-12 19:48:12'),(63,'a61',113,0,'2021-06-13 19:48:12','2021-06-13 19:48:12'),(64,'a62',113,0,'2021-06-14 19:48:12','2021-06-14 19:48:12'),(65,'a63',113,1,'2021-06-15 19:48:12','2021-06-15 19:48:12'),(66,'a64',113,0,'2021-06-16 19:48:12','2021-06-16 19:48:12'),(67,'a65',114,0,'2021-06-17 19:48:12','2021-06-17 19:48:12'),(68,'a66',114,0,'2021-06-18 19:48:12','2021-06-18 19:48:12'),(69,'a67',114,1,'2021-06-19 19:48:12','2021-06-19 19:48:12'),(70,'a68',114,0,'2021-06-20 19:48:12','2021-06-20 19:48:12'),(71,'a69',114,0,'2021-06-21 19:48:12','2021-06-21 19:48:12'),(72,'a70',115,0,'2021-06-22 19:48:12','2021-06-22 19:48:12'),(73,'a71',115,1,'2021-06-23 19:48:12','2021-06-23 19:48:12'),(74,'a72',115,0,'2021-06-24 19:48:12','2021-06-24 19:48:12'),(75,'a73',115,0,'2021-06-25 19:48:12','2021-06-25 19:48:12'),(76,'a74',115,0,'2021-06-26 19:48:12','2021-06-26 19:48:12'),(77,'a75',116,1,'2021-06-27 19:48:12','2021-06-27 19:48:12'),(78,'a76',116,0,'2021-06-28 19:48:12','2021-06-28 19:48:12'),(79,'a77',116,0,'2021-06-29 19:48:12','2021-06-29 19:48:12'),(80,'a78',116,0,'2021-06-30 19:48:12','2021-06-30 19:48:12'),(81,'a79',116,1,'2021-07-01 19:48:12','2021-07-01 19:48:12'),(82,'a80',117,0,'2021-07-02 19:48:12','2021-07-02 19:48:12'),(83,'a81',117,0,'2021-07-03 19:48:12','2021-07-03 19:48:12'),(84,'a82',117,0,'2021-07-04 19:48:12','2021-07-04 19:48:12'),(85,'a83',117,1,'2021-07-05 19:48:12','2021-07-05 19:48:12'),(86,'a84',117,0,'2021-07-06 19:48:12','2021-07-06 19:48:12'),(87,'a85',118,0,'2021-07-07 19:48:12','2021-07-07 19:48:12'),(88,'a86',118,0,'2021-07-08 19:48:12','2021-07-08 19:48:12'),(89,'a87',118,1,'2021-07-09 19:48:12','2021-07-09 19:48:12'),(90,'a88',118,0,'2021-07-10 19:48:12','2021-07-10 19:48:12'),(91,'a89',118,0,'2021-07-11 19:48:12','2021-07-11 19:48:12'),(92,'a90',119,0,'2021-07-12 19:48:12','2021-07-12 19:48:12'),(93,'a91',119,1,'2021-07-13 19:48:12','2021-07-13 19:48:12'),(94,'a92',119,0,'2021-07-14 19:48:12','2021-07-14 19:48:12'),(95,'a93',119,0,'2021-07-15 19:48:12','2021-07-15 19:48:12'),(96,'a94',119,0,'2021-07-16 19:48:12','2021-07-16 19:48:12'),(97,'a95',120,1,'2021-07-17 19:48:12','2021-07-17 19:48:12'),(98,'a96',120,0,'2021-07-18 19:48:12','2021-07-18 19:48:12'),(99,'a97',120,0,'2021-07-19 19:48:12','2021-07-19 19:48:12'),(100,'a98',120,0,'2021-07-20 19:48:12','2021-07-20 19:48:12'),(101,'a99',120,1,'2021-07-21 19:48:12','2021-07-21 19:48:12'),(102,'a100',121,0,'2021-07-22 19:48:12','2021-07-22 19:48:12'),(103,'a101',121,0,'2021-07-23 19:48:12','2021-07-23 19:48:12'),(104,'a102',121,0,'2021-07-24 19:48:12','2021-07-24 19:48:12'),(105,'a103',121,1,'2021-07-25 19:48:12','2021-07-25 19:48:12'),(106,'a104',121,0,'2021-07-26 19:48:12','2021-07-26 19:48:12'),(107,'a105',122,0,'2021-07-27 19:48:12','2021-07-27 19:48:12'),(108,'a106',122,0,'2021-07-28 19:48:12','2021-07-28 19:48:12'),(109,'a107',122,1,'2021-07-29 19:48:12','2021-07-29 19:48:12'),(110,'a108',122,0,'2021-07-30 19:48:12','2021-07-30 19:48:12'),(111,'a109',122,0,'2021-07-31 19:48:12','2021-07-31 19:48:12'),(112,'a110',123,0,'2021-08-01 19:48:12','2021-08-01 19:48:12'),(113,'a111',123,1,'2021-08-02 19:48:12','2021-08-02 19:48:12'),(114,'a112',123,0,'2021-08-03 19:48:12','2021-08-03 19:48:12'),(115,'a113',123,0,'2021-08-04 19:48:12','2021-08-04 19:48:12'),(116,'a114',123,0,'2021-08-05 19:48:12','2021-08-05 19:48:12'),(117,'a115',124,1,'2021-08-06 19:48:12','2021-08-06 19:48:12'),(118,'a116',124,0,'2021-08-07 19:48:12','2021-08-07 19:48:12'),(119,'a117',124,0,'2021-08-08 19:48:12','2021-08-08 19:48:12'),(120,'a118',124,0,'2021-08-09 19:48:12','2021-08-09 19:48:12'),(121,'a119',124,1,'2021-08-10 19:48:12','2021-08-10 19:48:12'),(122,'a120',125,0,'2021-08-11 19:48:12','2021-08-11 19:48:12'),(123,'a121',125,0,'2021-08-12 19:48:12','2021-08-12 19:48:12'),(124,'a122',125,0,'2021-08-13 19:48:12','2021-08-13 19:48:12'),(125,'a123',125,1,'2021-08-14 19:48:12','2021-08-14 19:48:12'),(126,'a124',125,0,'2021-08-15 19:48:12','2021-08-15 19:48:12'),(127,'a125',126,0,'2021-08-16 19:48:12','2021-08-16 19:48:12'),(128,'a126',126,0,'2021-08-17 19:48:12','2021-08-17 19:48:12'),(129,'a127',126,1,'2021-08-18 19:48:12','2021-08-18 19:48:12'),(130,'a128',126,0,'2021-08-19 19:48:12','2021-08-19 19:48:12'),(131,'a129',126,0,'2021-08-20 19:48:12','2021-08-20 19:48:12'),(132,'a130',127,0,'2021-08-21 19:48:12','2021-08-21 19:48:12'),(133,'a131',127,1,'2021-08-22 19:48:12','2021-08-22 19:48:12'),(134,'a132',127,0,'2021-08-23 19:48:12','2021-08-23 19:48:12'),(135,'a133',127,0,'2021-08-24 19:48:12','2021-08-24 19:48:12'),(136,'a134',127,0,'2021-08-25 19:48:12','2021-08-25 19:48:12'),(137,'a135',128,1,'2021-08-26 19:48:12','2021-08-26 19:48:12'),(138,'a136',128,0,'2021-08-27 19:48:12','2021-08-27 19:48:12'),(139,'a137',128,0,'2021-08-28 19:48:12','2021-08-28 19:48:12'),(140,'a138',128,0,'2021-08-29 19:48:12','2021-08-29 19:48:12'),(141,'a139',128,1,'2021-08-30 19:48:12','2021-08-30 19:48:12'),(142,'a140',129,0,'2021-08-31 19:48:12','2021-08-31 19:48:12'),(143,'a141',129,0,'2021-09-01 19:48:12','2021-09-01 19:48:12'),(144,'a142',129,0,'2021-09-02 19:48:12','2021-09-02 19:48:12'),(145,'a143',129,1,'2021-09-03 19:48:12','2021-09-03 19:48:12'),(146,'a144',129,0,'2021-09-04 19:48:12','2021-09-04 19:48:12'),(147,'a145',130,0,'2021-09-05 19:48:12','2021-09-05 19:48:12'),(148,'a146',130,0,'2021-09-06 19:48:12','2021-09-06 19:48:12'),(149,'a147',130,1,'2021-09-07 19:48:12','2021-09-07 19:48:12'),(150,'a148',130,0,'2021-09-08 19:48:12','2021-09-08 19:48:12'),(151,'a149',130,0,'2021-09-09 19:48:12','2021-09-09 19:48:12'),(152,'a150',131,0,'2021-09-10 19:48:12','2021-09-10 19:48:12'),(153,'a151',131,1,'2021-09-11 19:48:12','2021-09-11 19:48:12'),(154,'a152',131,0,'2021-09-12 19:48:12','2021-09-12 19:48:12'),(155,'a153',131,0,'2021-09-13 19:48:12','2021-09-13 19:48:12'),(156,'a154',131,0,'2021-09-14 19:48:12','2021-09-14 19:48:12'),(157,'a155',132,1,'2021-09-15 19:48:12','2021-09-15 19:48:12'),(158,'a156',132,0,'2021-09-16 19:48:12','2021-09-16 19:48:12'),(159,'a157',132,0,'2021-09-17 19:48:12','2021-09-17 19:48:12'),(160,'a158',132,0,'2021-09-18 19:48:12','2021-09-18 19:48:12'),(161,'a159',132,1,'2021-09-19 19:48:12','2021-09-19 19:48:12'),(162,'a160',133,0,'2021-09-20 19:48:12','2021-09-20 19:48:12'),(163,'a161',133,0,'2021-09-21 19:48:12','2021-09-21 19:48:12'),(164,'a162',133,0,'2021-09-22 19:48:12','2021-09-22 19:48:12'),(165,'a163',133,1,'2021-09-23 19:48:12','2021-09-23 19:48:12'),(166,'a164',133,0,'2021-09-24 19:48:12','2021-09-24 19:48:12'),(167,'a165',134,0,'2021-09-25 19:48:12','2021-09-25 19:48:12'),(168,'a166',134,0,'2021-09-26 19:48:12','2021-09-26 19:48:12'),(169,'a167',134,1,'2021-09-27 19:48:12','2021-09-27 19:48:12'),(170,'a168',134,0,'2021-09-28 19:48:12','2021-09-28 19:48:12'),(171,'a169',134,0,'2021-09-29 19:48:12','2021-09-29 19:48:12'),(172,'a170',135,0,'2021-09-30 19:48:12','2021-09-30 19:48:12'),(173,'a171',135,1,'2021-10-01 19:48:12','2021-10-01 19:48:12'),(174,'a172',135,0,'2021-10-02 19:48:12','2021-10-02 19:48:12'),(175,'a173',135,0,'2021-10-03 19:48:12','2021-10-03 19:48:12'),(176,'a174',135,0,'2021-10-04 19:48:12','2021-10-04 19:48:12'),(177,'a175',136,1,'2021-10-05 19:48:12','2021-10-05 19:48:12'),(178,'a176',136,0,'2021-10-06 19:48:12','2021-10-06 19:48:12'),(179,'a177',136,0,'2021-10-07 19:48:12','2021-10-07 19:48:12'),(180,'a178',136,0,'2021-10-08 19:48:12','2021-10-08 19:48:12'),(181,'a179',136,1,'2021-10-09 19:48:12','2021-10-09 19:48:12'),(182,'a180',137,0,'2021-10-10 19:48:12','2021-10-10 19:48:12'),(183,'a181',137,0,'2021-10-11 19:48:12','2021-10-11 19:48:12'),(184,'a182',137,0,'2021-10-12 19:48:12','2021-10-12 19:48:12'),(185,'a183',137,1,'2021-10-13 19:48:12','2021-10-13 19:48:12'),(186,'a184',137,0,'2021-10-14 19:48:12','2021-10-14 19:48:12'),(187,'a185',138,0,'2021-10-15 19:48:12','2021-10-15 19:48:12'),(188,'a186',138,0,'2021-10-16 19:48:12','2021-10-16 19:48:12'),(189,'a187',138,1,'2021-10-17 19:48:12','2021-10-17 19:48:12'),(190,'a188',138,0,'2021-10-18 19:48:12','2021-10-18 19:48:12'),(191,'a189',138,0,'2021-10-19 19:48:12','2021-10-19 19:48:12'),(192,'a190',139,0,'2021-10-20 19:48:12','2021-10-20 19:48:12'),(193,'a191',139,1,'2021-10-21 19:48:12','2021-10-21 19:48:12'),(194,'a192',139,0,'2021-10-22 19:48:12','2021-10-22 19:48:12'),(195,'a193',139,0,'2021-10-23 19:48:12','2021-10-23 19:48:12'),(196,'a194',139,0,'2021-10-24 19:48:12','2021-10-24 19:48:12'),(197,'a195',140,1,'2021-10-25 19:48:12','2021-10-25 19:48:12'),(198,'a196',140,0,'2021-10-26 19:48:12','2021-10-26 19:48:12'),(199,'a197',140,0,'2021-10-27 19:48:12','2021-10-27 19:48:12'),(200,'a198',140,0,'2021-10-28 19:48:12','2021-10-28 19:48:12'),(201,'a199',140,1,'2021-10-29 19:48:12','2021-10-29 19:48:12'),(202,'a200',141,0,'2021-10-30 19:48:12','2021-10-30 19:48:12'),(203,'a201',141,0,'2021-10-31 19:48:12','2021-10-31 19:48:12'),(204,'a202',141,0,'2021-11-01 19:48:12','2021-11-01 19:48:12'),(205,'a203',141,1,'2021-11-02 19:48:12','2021-11-02 19:48:12'),(206,'a204',141,0,'2021-11-03 19:48:12','2021-11-03 19:48:12'),(207,'a205',142,0,'2021-11-04 19:48:12','2021-11-04 19:48:12'),(208,'a206',142,0,'2021-11-05 19:48:12','2021-11-05 19:48:12'),(209,'a207',142,1,'2021-11-06 19:48:12','2021-11-06 19:48:12'),(210,'a208',142,0,'2021-11-07 19:48:12','2021-11-07 19:48:12'),(211,'a209',142,0,'2021-11-08 19:48:12','2021-11-08 19:48:12'),(212,'a210',143,0,'2021-11-09 19:48:12','2021-11-09 19:48:12'),(213,'a211',143,1,'2021-11-10 19:48:12','2021-11-10 19:48:12'),(214,'a212',143,0,'2021-11-11 19:48:12','2021-11-11 19:48:12'),(215,'a213',143,0,'2021-11-12 19:48:12','2021-11-12 19:48:12'),(216,'a214',143,0,'2021-11-13 19:48:12','2021-11-13 19:48:12'),(217,'a215',144,1,'2021-11-14 19:48:12','2021-11-14 19:48:12'),(218,'a216',144,0,'2021-11-15 19:48:12','2021-11-15 19:48:12'),(219,'a217',144,0,'2021-11-16 19:48:12','2021-11-16 19:48:12'),(220,'a218',144,0,'2021-11-17 19:48:12','2021-11-17 19:48:12'),(221,'a219',144,1,'2021-11-18 19:48:12','2021-11-18 19:48:12'),(222,'a220',145,0,'2021-11-19 19:48:12','2021-11-19 19:48:12'),(223,'a221',145,0,'2021-11-20 19:48:12','2021-11-20 19:48:12'),(224,'a222',145,0,'2021-11-21 19:48:12','2021-11-21 19:48:12'),(225,'a223',145,1,'2021-11-22 19:48:12','2021-11-22 19:48:12'),(226,'a224',145,0,'2021-11-23 19:48:12','2021-11-23 19:48:12'),(227,'a225',146,0,'2021-11-24 19:48:12','2021-11-24 19:48:12'),(228,'a226',146,0,'2021-11-25 19:48:12','2021-11-25 19:48:12'),(229,'a227',146,1,'2021-11-26 19:48:12','2021-11-26 19:48:12'),(230,'a228',146,0,'2021-11-27 19:48:12','2021-11-27 19:48:12'),(231,'a229',146,0,'2021-11-28 19:48:12','2021-11-28 19:48:12'),(232,'a230',147,0,'2021-11-29 19:48:12','2021-11-29 19:48:12'),(233,'a231',147,1,'2021-11-30 19:48:12','2021-11-30 19:48:12'),(234,'a232',147,0,'2021-12-01 19:48:12','2021-12-01 19:48:12'),(235,'a233',147,0,'2021-12-02 19:48:12','2021-12-02 19:48:12'),(236,'a234',147,0,'2021-12-03 19:48:12','2021-12-03 19:48:12'),(237,'a235',148,1,'2021-12-04 19:48:12','2021-12-04 19:48:12'),(238,'a236',148,0,'2021-12-05 19:48:12','2021-12-05 19:48:12'),(239,'a237',148,0,'2021-12-06 19:48:12','2021-12-06 19:48:12'),(240,'a238',148,0,'2021-12-07 19:48:12','2021-12-07 19:48:12'),(241,'a239',148,1,'2021-12-08 19:48:12','2021-12-08 19:48:12'),(242,'a240',149,0,'2021-12-09 19:48:12','2021-12-09 19:48:12'),(243,'a241',149,0,'2021-12-10 19:48:12','2021-12-10 19:48:12'),(244,'a242',149,0,'2021-12-11 19:48:12','2021-12-11 19:48:12'),(245,'a243',149,1,'2021-12-12 19:48:12','2021-12-12 19:48:12'),(246,'a244',149,0,'2021-12-13 19:48:12','2021-12-13 19:48:12'),(247,'a245',150,0,'2021-12-14 19:48:12','2021-12-14 19:48:12'),(248,'a246',150,0,'2021-12-15 19:48:12','2021-12-15 19:48:12'),(249,'a247',150,1,'2021-12-16 19:48:12','2021-12-16 19:48:12'),(250,'a248',150,0,'2021-12-17 19:48:12','2021-12-17 19:48:12'),(251,'a249',150,0,'2021-12-18 19:48:12','2021-12-18 19:48:12'),(252,'a250',151,0,'2021-12-19 19:48:12','2021-12-19 19:48:12'),(253,'a251',151,1,'2021-12-20 19:48:12','2021-12-20 19:48:12'),(254,'a252',151,0,'2021-12-21 19:48:12','2021-12-21 19:48:12'),(255,'a253',151,0,'2021-12-22 19:48:12','2021-12-22 19:48:12'),(256,'a254',151,0,'2021-12-23 19:48:12','2021-12-23 19:48:12'),(257,'a255',152,1,'2021-12-24 19:48:12','2021-12-24 19:48:12'),(258,'a256',152,0,'2021-12-25 19:48:12','2021-12-25 19:48:12'),(259,'a257',152,0,'2021-12-26 19:48:12','2021-12-26 19:48:12'),(260,'a258',152,0,'2021-12-27 19:48:12','2021-12-27 19:48:12'),(261,'a259',152,1,'2021-12-28 19:48:12','2021-12-28 19:48:12'),(262,'a260',153,0,'2021-12-29 19:48:12','2021-12-29 19:48:12'),(263,'a261',153,0,'2021-12-30 19:48:12','2021-12-30 19:48:12'),(264,'a262',153,0,'2021-12-31 19:48:12','2021-12-31 19:48:12'),(265,'a263',153,1,'2022-01-01 19:48:12','2022-01-01 19:48:12'),(266,'a264',153,0,'2022-01-02 19:48:12','2022-01-02 19:48:12'),(267,'a265',154,0,'2022-01-03 19:48:12','2022-01-03 19:48:12'),(268,'a266',154,0,'2022-01-04 19:48:12','2022-01-04 19:48:12'),(269,'a267',154,1,'2022-01-05 19:48:12','2022-01-05 19:48:12'),(270,'a268',154,0,'2022-01-06 19:48:12','2022-01-06 19:48:12'),(271,'a269',154,0,'2022-01-07 19:48:12','2022-01-07 19:48:12'),(272,'a270',155,0,'2022-01-08 19:48:12','2022-01-08 19:48:12'),(273,'a271',155,1,'2022-01-09 19:48:12','2022-01-09 19:48:12'),(274,'a272',155,0,'2022-01-10 19:48:12','2022-01-10 19:48:12'),(275,'a273',155,0,'2022-01-11 19:48:12','2022-01-11 19:48:12'),(276,'a274',155,0,'2022-01-12 19:48:12','2022-01-12 19:48:12'),(277,'a275',156,1,'2022-01-13 19:48:12','2022-01-13 19:48:12'),(278,'a276',156,0,'2022-01-14 19:48:12','2022-01-14 19:48:12'),(279,'a277',156,0,'2022-01-15 19:48:12','2022-01-15 19:48:12'),(280,'a278',156,0,'2022-01-16 19:48:12','2022-01-16 19:48:12'),(281,'a279',156,1,'2022-01-17 19:48:12','2022-01-17 19:48:12'),(282,'a280',157,0,'2022-01-18 19:48:12','2022-01-18 19:48:12'),(283,'a281',157,0,'2022-01-19 19:48:12','2022-01-19 19:48:12'),(284,'a282',157,0,'2022-01-20 19:48:12','2022-01-20 19:48:12'),(285,'a283',157,1,'2022-01-21 19:48:12','2022-01-21 19:48:12'),(286,'a284',157,0,'2022-01-22 19:48:12','2022-01-22 19:48:12'),(287,'a285',158,0,'2022-01-23 19:48:12','2022-01-23 19:48:12'),(288,'a286',158,0,'2022-01-24 19:48:12','2022-01-24 19:48:12'),(289,'a287',158,1,'2022-01-25 19:48:12','2022-01-25 19:48:12'),(290,'a288',158,0,'2022-01-26 19:48:12','2022-01-26 19:48:12'),(291,'a289',158,0,'2022-01-27 19:48:12','2022-01-27 19:48:12'),(292,'a290',159,0,'2022-01-28 19:48:12','2022-01-28 19:48:12'),(293,'a291',159,1,'2022-01-29 19:48:12','2022-01-29 19:48:12'),(294,'a292',159,0,'2022-01-30 19:48:12','2022-01-30 19:48:12'),(295,'a293',159,0,'2022-01-31 19:48:12','2022-01-31 19:48:12'),(296,'a294',159,0,'2022-02-01 19:48:12','2022-02-01 19:48:12'),(297,'a295',160,1,'2022-02-02 19:48:12','2022-02-02 19:48:12'),(298,'a296',160,0,'2022-02-03 19:48:12','2022-02-03 19:48:12'),(299,'a297',160,0,'2022-02-04 19:48:12','2022-02-04 19:48:12'),(300,'a298',160,0,'2022-02-05 19:48:12','2022-02-05 19:48:12'),(301,'a299',160,1,'2022-02-06 19:48:12','2022-02-06 19:48:12'),(302,'a300',161,0,'2022-02-07 19:48:12','2022-02-07 19:48:12'),(303,'a301',161,0,'2022-02-08 19:48:12','2022-02-08 19:48:12'),(304,'a302',161,0,'2022-02-09 19:48:12','2022-02-09 19:48:12'),(305,'a303',161,1,'2022-02-10 19:48:12','2022-02-10 19:48:12'),(306,'a304',161,0,'2022-02-11 19:48:12','2022-02-11 19:48:12'),(307,'a305',162,0,'2022-02-12 19:48:12','2022-02-12 19:48:12'),(308,'a306',162,0,'2022-02-13 19:48:12','2022-02-13 19:48:12'),(309,'a307',162,1,'2022-02-14 19:48:12','2022-02-14 19:48:12'),(310,'a308',162,0,'2022-02-15 19:48:12','2022-02-15 19:48:12'),(311,'a309',162,0,'2022-02-16 19:48:12','2022-02-16 19:48:12'),(312,'a310',163,0,'2022-02-17 19:48:12','2022-02-17 19:48:12'),(313,'a311',163,1,'2022-02-18 19:48:12','2022-02-18 19:48:12'),(314,'a312',163,0,'2022-02-19 19:48:12','2022-02-19 19:48:12'),(315,'a313',163,0,'2022-02-20 19:48:12','2022-02-20 19:48:12'),(316,'a314',163,0,'2022-02-21 19:48:12','2022-02-21 19:48:12'),(317,'a315',164,1,'2022-02-22 19:48:12','2022-02-22 19:48:12'),(318,'a316',164,0,'2022-02-23 19:48:12','2022-02-23 19:48:12'),(319,'a317',164,0,'2022-02-24 19:48:12','2022-02-24 19:48:12'),(320,'a318',164,0,'2022-02-25 19:48:12','2022-02-25 19:48:12'),(321,'a319',164,1,'2022-02-26 19:48:12','2022-02-26 19:48:12'),(322,'a320',165,0,'2022-02-27 19:48:12','2022-02-27 19:48:12'),(323,'a321',165,0,'2022-02-28 19:48:12','2022-02-28 19:48:12'),(324,'a322',165,0,'2022-03-01 19:48:12','2022-03-01 19:48:12'),(325,'a323',165,1,'2022-03-02 19:48:12','2022-03-02 19:48:12'),(326,'a324',165,0,'2022-03-03 19:48:12','2022-03-03 19:48:12'),(327,'a325',166,0,'2022-03-04 19:48:12','2022-03-04 19:48:12'),(328,'a326',166,0,'2022-03-05 19:48:12','2022-03-05 19:48:12'),(329,'a327',166,1,'2022-03-06 19:48:12','2022-03-06 19:48:12'),(330,'a328',166,0,'2022-03-07 19:48:12','2022-03-07 19:48:12'),(331,'a329',166,0,'2022-03-08 19:48:12','2022-03-08 19:48:12'),(332,'a330',167,0,'2022-03-09 19:48:12','2022-03-09 19:48:12'),(333,'a331',167,1,'2022-03-10 19:48:12','2022-03-10 19:48:12'),(334,'a332',167,0,'2022-03-11 19:48:12','2022-03-11 19:48:12'),(335,'a333',167,0,'2022-03-12 19:48:12','2022-03-12 19:48:12'),(336,'a334',167,0,'2022-03-13 19:48:12','2022-03-13 19:48:12'),(337,'a335',168,1,'2022-03-14 19:48:12','2022-03-14 19:48:12'),(338,'a336',168,0,'2022-03-15 19:48:12','2022-03-15 19:48:12'),(339,'a337',168,0,'2022-03-16 19:48:12','2022-03-16 19:48:12'),(340,'a338',168,0,'2022-03-17 19:48:12','2022-03-17 19:48:12'),(341,'a339',168,1,'2022-03-18 19:48:12','2022-03-18 19:48:12'),(342,'a340',169,0,'2022-03-19 19:48:12','2022-03-19 19:48:12'),(343,'a341',169,0,'2022-03-20 19:48:12','2022-03-20 19:48:12'),(344,'a342',169,0,'2022-03-21 19:48:12','2022-03-21 19:48:12'),(345,'a343',169,1,'2022-03-22 19:48:12','2022-03-22 19:48:12'),(346,'a344',169,0,'2022-03-23 19:48:12','2022-03-23 19:48:12'),(347,'a345',170,0,'2022-03-24 19:48:12','2022-03-24 19:48:12'),(348,'a346',170,0,'2022-03-25 19:48:12','2022-03-25 19:48:12'),(349,'a347',170,1,'2022-03-26 19:48:12','2022-03-26 19:48:12'),(350,'a348',170,0,'2022-03-27 19:48:12','2022-03-27 19:48:12'),(351,'a349',170,0,'2022-03-28 19:48:12','2022-03-28 19:48:12'),(352,'a350',171,0,'2022-03-29 19:48:12','2022-03-29 19:48:12'),(353,'a351',171,1,'2022-03-30 19:48:12','2022-03-30 19:48:12'),(354,'a352',171,0,'2022-03-31 19:48:12','2022-03-31 19:48:12'),(355,'a353',171,0,'2022-04-01 19:48:12','2022-04-01 19:48:12'),(356,'a354',171,0,'2022-04-02 19:48:12','2022-04-02 19:48:12'),(357,'a355',172,1,'2022-04-03 19:48:12','2022-04-03 19:48:12'),(358,'a356',172,0,'2022-04-04 19:48:12','2022-04-04 19:48:12'),(359,'a357',172,0,'2022-04-05 19:48:12','2022-04-05 19:48:12'),(360,'a358',172,0,'2022-04-06 19:48:12','2022-04-06 19:48:12'),(361,'a359',172,1,'2022-04-07 19:48:12','2022-04-07 19:48:12'),(362,'a360',173,0,'2022-04-08 19:48:12','2022-04-08 19:48:12'),(363,'a361',173,0,'2022-04-09 19:48:12','2022-04-09 19:48:12'),(364,'a362',173,0,'2022-04-10 19:48:12','2022-04-10 19:48:12'),(365,'a363',173,1,'2022-04-11 19:48:12','2022-04-11 19:48:12'),(366,'a364',173,0,'2022-04-12 19:48:12','2022-04-12 19:48:12'),(367,'a365',174,0,'2022-04-13 19:48:12','2022-04-13 19:48:12'),(368,'a366',174,0,'2022-04-14 19:48:12','2022-04-14 19:48:12'),(369,'a367',174,1,'2022-04-15 19:48:12','2022-04-15 19:48:12'),(370,'a368',174,0,'2022-04-16 19:48:12','2022-04-16 19:48:12'),(371,'a369',174,0,'2022-04-17 19:48:12','2022-04-17 19:48:12'),(372,'a370',175,0,'2022-04-18 19:48:12','2022-04-18 19:48:12'),(373,'a371',175,1,'2022-04-19 19:48:12','2022-04-19 19:48:12'),(374,'a372',175,0,'2022-04-20 19:48:12','2022-04-20 19:48:12'),(375,'a373',175,0,'2022-04-21 19:48:12','2022-04-21 19:48:12'),(376,'a374',175,0,'2022-04-22 19:48:12','2022-04-22 19:48:12'),(377,'a375',176,1,'2022-04-23 19:48:12','2022-04-23 19:48:12'),(378,'a376',176,0,'2022-04-24 19:48:12','2022-04-24 19:48:12'),(379,'a377',176,0,'2022-04-25 19:48:12','2022-04-25 19:48:12'),(380,'a378',176,0,'2022-04-26 19:48:12','2022-04-26 19:48:12'),(381,'a379',176,1,'2022-04-27 19:48:12','2022-04-27 19:48:12'),(382,'a380',177,0,'2022-04-28 19:48:12','2022-04-28 19:48:12'),(383,'a381',177,0,'2022-04-29 19:48:12','2022-04-29 19:48:12'),(384,'a382',177,0,'2022-04-30 19:48:12','2022-04-30 19:48:12'),(385,'a383',177,1,'2022-05-01 19:48:12','2022-05-01 19:48:12'),(386,'a384',177,0,'2022-05-02 19:48:12','2022-05-02 19:48:12'),(387,'a385',178,0,'2022-05-03 19:48:12','2022-05-03 19:48:12'),(388,'a386',178,0,'2022-05-04 19:48:12','2022-05-04 19:48:12'),(389,'a387',178,1,'2022-05-05 19:48:12','2022-05-05 19:48:12'),(390,'a388',178,0,'2022-05-06 19:48:12','2022-05-06 19:48:12'),(391,'a389',178,0,'2022-05-07 19:48:12','2022-05-07 19:48:12'),(392,'a390',179,0,'2022-05-08 19:48:12','2022-05-08 19:48:12'),(393,'a391',179,1,'2022-05-09 19:48:12','2022-05-09 19:48:12'),(394,'a392',179,0,'2022-05-10 19:48:12','2022-05-10 19:48:12'),(395,'a393',179,0,'2022-05-11 19:48:12','2022-05-11 19:48:12'),(396,'a394',179,0,'2022-05-12 19:48:12','2022-05-12 19:48:12'),(397,'a395',180,1,'2022-05-13 19:48:12','2022-05-13 19:48:12'),(398,'a396',180,0,'2022-05-14 19:48:12','2022-05-14 19:48:12'),(399,'a397',180,0,'2022-05-15 19:48:12','2022-05-15 19:48:12'),(400,'a398',180,0,'2022-05-16 19:48:12','2022-05-16 19:48:12'),(401,'a399',180,1,'2022-05-17 19:48:12','2022-05-17 19:48:12'),(402,'a400',181,0,'2022-05-18 19:48:12','2022-05-18 19:48:12'),(403,'a401',181,0,'2022-05-19 19:48:12','2022-05-19 19:48:12'),(404,'a402',181,0,'2022-05-20 19:48:12','2022-05-20 19:48:12'),(405,'a403',181,1,'2022-05-21 19:48:12','2022-05-21 19:48:12'),(406,'a404',181,0,'2022-05-22 19:48:12','2022-05-22 19:48:12'),(407,'a405',182,0,'2022-05-23 19:48:12','2022-05-23 19:48:12'),(408,'a406',182,0,'2022-05-24 19:48:12','2022-05-24 19:48:12'),(409,'a407',182,1,'2022-05-25 19:48:12','2022-05-25 19:48:12'),(410,'a408',182,0,'2022-05-26 19:48:12','2022-05-26 19:48:12'),(411,'a409',182,0,'2022-05-27 19:48:12','2022-05-27 19:48:12'),(412,'a410',183,0,'2022-05-28 19:48:12','2022-05-28 19:48:12'),(413,'a411',183,1,'2022-05-29 19:48:12','2022-05-29 19:48:12'),(414,'a412',183,0,'2022-05-30 19:48:12','2022-05-30 19:48:12'),(415,'a413',183,0,'2022-05-31 19:48:12','2022-05-31 19:48:12'),(416,'a414',183,0,'2022-06-01 19:48:12','2022-06-01 19:48:12'),(417,'a415',184,1,'2022-06-02 19:48:12','2022-06-02 19:48:12'),(418,'a416',184,0,'2022-06-03 19:48:12','2022-06-03 19:48:12'),(419,'a417',184,0,'2022-06-04 19:48:12','2022-06-04 19:48:12'),(420,'a418',184,0,'2022-06-05 19:48:12','2022-06-05 19:48:12'),(421,'a419',184,1,'2022-06-06 19:48:12','2022-06-06 19:48:12'),(422,'a420',185,0,'2022-06-07 19:48:12','2022-06-07 19:48:12'),(423,'a421',185,0,'2022-06-08 19:48:12','2022-06-08 19:48:12'),(424,'a422',185,0,'2022-06-09 19:48:12','2022-06-09 19:48:12'),(425,'a423',185,1,'2022-06-10 19:48:12','2022-06-10 19:48:12'),(426,'a424',185,0,'2022-06-11 19:48:12','2022-06-11 19:48:12'),(427,'a425',186,0,'2022-06-12 19:48:12','2022-06-12 19:48:12'),(428,'a426',186,0,'2022-06-13 19:48:12','2022-06-13 19:48:12'),(429,'a427',186,1,'2022-06-14 19:48:12','2022-06-14 19:48:12'),(430,'a428',186,0,'2022-06-15 19:48:12','2022-06-15 19:48:12'),(431,'a429',186,0,'2022-06-16 19:48:12','2022-06-16 19:48:12'),(432,'a430',187,0,'2022-06-17 19:48:12','2022-06-17 19:48:12'),(433,'a431',187,1,'2022-06-18 19:48:12','2022-06-18 19:48:12'),(434,'a432',187,0,'2022-06-19 19:48:12','2022-06-19 19:48:12'),(435,'a433',187,0,'2022-06-20 19:48:12','2022-06-20 19:48:12'),(436,'a434',187,0,'2022-06-21 19:48:12','2022-06-21 19:48:12'),(437,'a435',188,1,'2022-06-22 19:48:12','2022-06-22 19:48:12'),(438,'a436',188,0,'2022-06-23 19:48:12','2022-06-23 19:48:12'),(439,'a437',188,0,'2022-06-24 19:48:12','2022-06-24 19:48:12'),(440,'a438',188,0,'2022-06-25 19:48:12','2022-06-25 19:48:12'),(441,'a439',188,1,'2022-06-26 19:48:12','2022-06-26 19:48:12'),(442,'a440',189,0,'2022-06-27 19:48:12','2022-06-27 19:48:12'),(443,'a441',189,0,'2022-06-28 19:48:12','2022-06-28 19:48:12'),(444,'a442',189,0,'2022-06-29 19:48:12','2022-06-29 19:48:12'),(445,'a443',189,1,'2022-06-30 19:48:12','2022-06-30 19:48:12'),(446,'a444',189,0,'2022-07-01 19:48:12','2022-07-01 19:48:12'),(447,'a445',190,0,'2022-07-02 19:48:12','2022-07-02 19:48:12'),(448,'a446',190,0,'2022-07-03 19:48:12','2022-07-03 19:48:12'),(449,'a447',190,1,'2022-07-04 19:48:12','2022-07-04 19:48:12'),(450,'a448',190,0,'2022-07-05 19:48:12','2022-07-05 19:48:12'),(451,'a449',190,0,'2022-07-06 19:48:12','2022-07-06 19:48:12'),(452,'a450',191,0,'2022-07-07 19:48:12','2022-07-07 19:48:12'),(453,'a451',191,1,'2022-07-08 19:48:12','2022-07-08 19:48:12'),(454,'a452',191,0,'2022-07-09 19:48:12','2022-07-09 19:48:12'),(455,'a453',191,0,'2022-07-10 19:48:12','2022-07-10 19:48:12'),(456,'a454',191,0,'2022-07-11 19:48:12','2022-07-11 19:48:12'),(457,'a455',192,1,'2022-07-12 19:48:12','2022-07-12 19:48:12'),(458,'a456',192,0,'2022-07-13 19:48:12','2022-07-13 19:48:12'),(459,'a457',192,0,'2022-07-14 19:48:12','2022-07-14 19:48:12'),(460,'a458',192,0,'2022-07-15 19:48:12','2022-07-15 19:48:12'),(461,'a459',192,1,'2022-07-16 19:48:12','2022-07-16 19:48:12'),(462,'a460',193,0,'2022-07-17 19:48:12','2022-07-17 19:48:12'),(463,'a461',193,0,'2022-07-18 19:48:12','2022-07-18 19:48:12'),(464,'a462',193,0,'2022-07-19 19:48:12','2022-07-19 19:48:12'),(465,'a463',193,1,'2022-07-20 19:48:12','2022-07-20 19:48:12'),(466,'a464',193,0,'2022-07-21 19:48:12','2022-07-21 19:48:12'),(467,'a465',194,0,'2022-07-22 19:48:12','2022-07-22 19:48:12'),(468,'a466',194,0,'2022-07-23 19:48:12','2022-07-23 19:48:12'),(469,'a467',194,1,'2022-07-24 19:48:12','2022-07-24 19:48:12'),(470,'a468',194,0,'2022-07-25 19:48:12','2022-07-25 19:48:12'),(471,'a469',194,0,'2022-07-26 19:48:12','2022-07-26 19:48:12'),(472,'a470',195,0,'2022-07-27 19:48:12','2022-07-27 19:48:12'),(473,'a471',195,1,'2022-07-28 19:48:12','2022-07-28 19:48:12'),(474,'a472',195,0,'2022-07-29 19:48:12','2022-07-29 19:48:12'),(475,'a473',195,0,'2022-07-30 19:48:12','2022-07-30 19:48:12'),(476,'a474',195,0,'2022-07-31 19:48:12','2022-07-31 19:48:12'),(477,'a475',196,1,'2022-08-01 19:48:12','2022-08-01 19:48:12'),(478,'a476',196,0,'2022-08-02 19:48:12','2022-08-02 19:48:12'),(479,'a477',196,0,'2022-08-03 19:48:12','2022-08-03 19:48:12'),(480,'a478',196,0,'2022-08-04 19:48:12','2022-08-04 19:48:12'),(481,'a479',196,1,'2022-08-05 19:48:12','2022-08-05 19:48:12'),(482,'a480',197,0,'2022-08-06 19:48:12','2022-08-06 19:48:12'),(483,'a481',197,0,'2022-08-07 19:48:12','2022-08-07 19:48:12'),(484,'a482',197,0,'2022-08-08 19:48:12','2022-08-08 19:48:12'),(485,'a483',197,1,'2022-08-09 19:48:12','2022-08-09 19:48:12'),(486,'a484',197,0,'2022-08-10 19:48:12','2022-08-10 19:48:12'),(487,'a485',198,0,'2022-08-11 19:48:12','2022-08-11 19:48:12'),(488,'a486',198,0,'2022-08-12 19:48:12','2022-08-12 19:48:12'),(489,'a487',198,1,'2022-08-13 19:48:12','2022-08-13 19:48:12'),(490,'a488',198,0,'2022-08-14 19:48:12','2022-08-14 19:48:12'),(491,'a489',198,0,'2022-08-15 19:48:12','2022-08-15 19:48:12'),(492,'a490',199,0,'2022-08-16 19:48:12','2022-08-16 19:48:12'),(493,'a491',199,1,'2022-08-17 19:48:12','2022-08-17 19:48:12'),(494,'a492',199,0,'2022-08-18 19:48:12','2022-08-18 19:48:12'),(495,'a493',199,0,'2022-08-19 19:48:12','2022-08-19 19:48:12'),(496,'a494',199,0,'2022-08-20 19:48:12','2022-08-20 19:48:12');
/*!40000 ALTER TABLE `answers` ENABLE KEYS */;
UNLOCK TABLES;

--
-- Table structure for table `answers_recieved`
--

DROP TABLE IF EXISTS `answers_recieved`;
/*!40101 SET @saved_cs_client     = @@character_set_client */;
/*!50503 SET character_set_client = utf8mb4 */;
CREATE TABLE `answers_recieved` (
  `id` int NOT NULL AUTO_INCREMENT,
  `team_id` int DEFAULT NULL,
  `question_id` int DEFAULT NULL,
  `answer_id` int DEFAULT NULL,
  `total_time` varchar(255) DEFAULT NULL,
  `createdAt` datetime NOT NULL,
  `updatedAt` datetime NOT NULL,
  PRIMARY KEY (`id`),
  KEY `team_id` (`team_id`),
  KEY `question_id` (`question_id`),
  KEY `answer_id` (`answer_id`),
  CONSTRAINT `answers_recieved_ibfk_1` FOREIGN KEY (`team_id`) REFERENCES `teams` (`id`),
  CONSTRAINT `answers_recieved_ibfk_2` FOREIGN KEY (`question_id`) REFERENCES `questions` (`id`),
  CONSTRAINT `answers_recieved_ibfk_3` FOREIGN KEY (`answer_id`) REFERENCES `answers` (`id`)
) ENGINE=InnoDB AUTO_INCREMENT=3 DEFAULT CHARSET=utf8mb4 COLLATE=utf8mb4_0900_ai_ci;
/*!40101 SET character_set_client = @saved_cs_client */;

--
-- Dumping data for table `answers_recieved`
--

LOCK TABLES `answers_recieved` WRITE;
/*!40000 ALTER TABLE `answers_recieved` DISABLE KEYS */;
INSERT INTO `answers_recieved` VALUES (1,6,101,6,'2.289999999999999','2021-01-24 21:34:47','2021-01-24 21:34:47'),(2,6,106,31,'10.29','2021-01-24 22:43:27','2021-01-24 22:43:27');
/*!40000 ALTER TABLE `answers_recieved` ENABLE KEYS */;
UNLOCK TABLES;

--
-- Table structure for table `question_types`
--

DROP TABLE IF EXISTS `question_types`;
/*!40101 SET @saved_cs_client     = @@character_set_client */;
/*!50503 SET character_set_client = utf8mb4 */;
CREATE TABLE `question_types` (
  `id` int NOT NULL AUTO_INCREMENT,
  `type` varchar(255) DEFAULT NULL,
  `createdAt` datetime NOT NULL,
  `updatedAt` datetime NOT NULL,
  PRIMARY KEY (`id`)
) ENGINE=InnoDB AUTO_INCREMENT=11 DEFAULT CHARSET=utf8mb4 COLLATE=utf8mb4_0900_ai_ci;
/*!40101 SET character_set_client = @saved_cs_client */;

--
-- Dumping data for table `question_types`
--

LOCK TABLES `question_types` WRITE;
/*!40000 ALTER TABLE `question_types` DISABLE KEYS */;
INSERT INTO `question_types` VALUES (1,'Stiinte','2021-01-24 19:40:28','2021-01-24 19:40:30'),(2,'Citate','2021-01-24 19:40:53','2021-01-24 19:40:54'),(3,'Social','2021-01-24 19:41:02','2021-01-24 19:41:03'),(4,'Filme','2021-01-24 19:41:09','2021-01-24 19:41:09'),(5,'Fun facts','2021-01-24 19:41:16','2021-01-24 19:41:17'),(6,'Geografie','2021-01-24 19:41:22','2021-01-24 19:41:22'),(7,'Istorie','2021-01-24 19:41:28','2021-01-24 19:41:29'),(8,'Romana','2021-01-24 19:41:37','2021-01-24 19:41:38'),(9,'Muzica','2021-01-24 19:41:43','2021-01-24 19:41:44'),(10,'Sport','2021-01-24 19:41:49','2021-01-24 19:41:49');
/*!40000 ALTER TABLE `question_types` ENABLE KEYS */;
UNLOCK TABLES;

--
-- Table structure for table `questions`
--

DROP TABLE IF EXISTS `questions`;
/*!40101 SET @saved_cs_client     = @@character_set_client */;
/*!50503 SET character_set_client = utf8mb4 */;
CREATE TABLE `questions` (
  `id` int NOT NULL AUTO_INCREMENT,
  `question` varchar(255) DEFAULT NULL,
  `question_type` int DEFAULT NULL,
  `times_played` int DEFAULT '0',
  `createdAt` datetime NOT NULL,
  `updatedAt` datetime NOT NULL,
  PRIMARY KEY (`id`),
  KEY `question_type` (`question_type`),
  CONSTRAINT `questions_ibfk_1` FOREIGN KEY (`question_type`) REFERENCES `question_types` (`id`)
) ENGINE=InnoDB AUTO_INCREMENT=201 DEFAULT CHARSET=utf8mb4 COLLATE=utf8mb4_0900_ai_ci;
/*!40101 SET character_set_client = @saved_cs_client */;

--
-- Dumping data for table `questions`
--

LOCK TABLES `questions` WRITE;
/*!40000 ALTER TABLE `questions` DISABLE KEYS */;
INSERT INTO `questions` VALUES (101,'Test_11',1,1,'2021-01-24 19:48:12','2021-01-24 19:48:12'),(102,'Test_12',1,1,'2021-01-25 19:48:12','2021-01-25 19:48:12'),(103,'Test_13',1,1,'2021-01-26 19:48:12','2021-01-26 19:48:12'),(104,'Test_14',1,0,'2021-01-27 19:48:12','2021-01-27 19:48:12'),(105,'Test_15',1,0,'2021-01-28 19:48:12','2021-01-28 19:48:12'),(106,'Test_16',1,1,'2021-01-29 19:48:12','2021-01-29 19:48:12'),(107,'Test_17',1,0,'2021-01-30 19:48:12','2021-01-30 19:48:12'),(108,'Test_18',1,0,'2021-01-31 19:48:12','2021-01-31 19:48:12'),(109,'Test_19',1,0,'2021-02-01 19:48:12','2021-02-01 19:48:12'),(110,'Test_20',2,0,'2021-02-02 19:48:12','2021-02-02 19:48:12'),(111,'Test_21',2,0,'2021-02-03 19:48:12','2021-02-03 19:48:12'),(112,'Test_22',2,0,'2021-02-04 19:48:12','2021-02-04 19:48:12'),(113,'Test_23',2,0,'2021-02-05 19:48:12','2021-02-05 19:48:12'),(114,'Test_24',2,1,'2021-02-06 19:48:12','2021-02-06 19:48:12'),(115,'Test_25',2,0,'2021-02-07 19:48:12','2021-02-07 19:48:12'),(116,'Test_26',2,0,'2021-02-08 19:48:12','2021-02-08 19:48:12'),(117,'Test_27',2,0,'2021-02-09 19:48:12','2021-02-09 19:48:12'),(118,'Test_28',2,0,'2021-02-10 19:48:12','2021-02-10 19:48:12'),(119,'Test_29',2,0,'2021-02-11 19:48:12','2021-02-11 19:48:12'),(120,'Test_30',3,0,'2021-02-12 19:48:12','2021-02-12 19:48:12'),(121,'Test_31',3,1,'2021-02-13 19:48:12','2021-02-13 19:48:12'),(122,'Test_32',3,0,'2021-02-14 19:48:12','2021-02-14 19:48:12'),(123,'Test_33',3,0,'2021-02-15 19:48:12','2021-02-15 19:48:12'),(124,'Test_34',3,0,'2021-02-16 19:48:12','2021-02-16 19:48:12'),(125,'Test_35',3,0,'2021-02-17 19:48:12','2021-02-17 19:48:12'),(126,'Test_36',3,0,'2021-02-18 19:48:12','2021-02-18 19:48:12'),(127,'Test_37',3,0,'2021-02-19 19:48:12','2021-02-19 19:48:12'),(128,'Test_38',3,0,'2021-02-20 19:48:12','2021-02-20 19:48:12'),(129,'Test_39',3,0,'2021-02-21 19:48:12','2021-02-21 19:48:12'),(130,'Test_40',4,0,'2021-02-22 19:48:12','2021-02-22 19:48:12'),(131,'Test_41',4,0,'2021-02-23 19:48:12','2021-02-23 19:48:12'),(132,'Test_42',4,0,'2021-02-24 19:48:12','2021-02-24 19:48:12'),(133,'Test_43',4,0,'2021-02-25 19:48:12','2021-02-25 19:48:12'),(134,'Test_44',4,0,'2021-02-26 19:48:12','2021-02-26 19:48:12'),(135,'Test_45',4,0,'2021-02-27 19:48:12','2021-02-27 19:48:12'),(136,'Test_46',4,0,'2021-02-28 19:48:12','2021-02-28 19:48:12'),(137,'Test_47',4,0,'2021-03-01 19:48:12','2021-03-01 19:48:12'),(138,'Test_48',4,0,'2021-03-02 19:48:12','2021-03-02 19:48:12'),(139,'Test_49',4,1,'2021-03-03 19:48:12','2021-03-03 19:48:12'),(140,'Test_50',5,0,'2021-03-04 19:48:12','2021-03-04 19:48:12'),(141,'Test_51',5,0,'2021-03-05 19:48:12','2021-03-05 19:48:12'),(142,'Test_52',5,0,'2021-03-06 19:48:12','2021-03-06 19:48:12'),(143,'Test_53',5,0,'2021-03-07 19:48:12','2021-03-07 19:48:12'),(144,'Test_54',5,1,'2021-03-08 19:48:12','2021-03-08 19:48:12'),(145,'Test_55',5,0,'2021-03-09 19:48:12','2021-03-09 19:48:12'),(146,'Test_56',5,0,'2021-03-10 19:48:12','2021-03-10 19:48:12'),(147,'Test_57',5,0,'2021-03-11 19:48:12','2021-03-11 19:48:12'),(148,'Test_58',5,0,'2021-03-12 19:48:12','2021-03-12 19:48:12'),(149,'Test_59',5,0,'2021-03-13 19:48:12','2021-03-13 19:48:12'),(150,'Test_60',6,0,'2021-03-14 19:48:12','2021-03-14 19:48:12'),(151,'Test_61',6,0,'2021-03-15 19:48:12','2021-03-15 19:48:12'),(152,'Test_62',6,0,'2021-03-16 19:48:12','2021-03-16 19:48:12'),(153,'Test_63',6,0,'2021-03-17 19:48:12','2021-03-17 19:48:12'),(154,'Test_64',6,0,'2021-03-18 19:48:12','2021-03-18 19:48:12'),(155,'Test_65',6,1,'2021-03-19 19:48:12','2021-03-19 19:48:12'),(156,'Test_66',6,0,'2021-03-20 19:48:12','2021-03-20 19:48:12'),(157,'Test_67',6,0,'2021-03-21 19:48:12','2021-03-21 19:48:12'),(158,'Test_68',6,0,'2021-03-22 19:48:12','2021-03-22 19:48:12'),(159,'Test_69',6,0,'2021-03-23 19:48:12','2021-03-23 19:48:12'),(160,'Test_70',7,1,'2021-03-24 19:48:12','2021-03-24 19:48:12'),(161,'Test_71',7,0,'2021-03-25 19:48:12','2021-03-25 19:48:12'),(162,'Test_72',7,0,'2021-03-26 19:48:12','2021-03-26 19:48:12'),(163,'Test_73',7,0,'2021-03-27 19:48:12','2021-03-27 19:48:12'),(164,'Test_74',7,0,'2021-03-28 19:48:12','2021-03-28 19:48:12'),(165,'Test_75',7,0,'2021-03-29 19:48:12','2021-03-29 19:48:12'),(166,'Test_76',7,0,'2021-03-30 19:48:12','2021-03-30 19:48:12'),(167,'Test_77',7,0,'2021-03-31 19:48:12','2021-03-31 19:48:12'),(168,'Test_78',7,0,'2021-04-01 19:48:12','2021-04-01 19:48:12'),(169,'Test_79',7,0,'2021-04-02 19:48:12','2021-04-02 19:48:12'),(170,'Test_80',8,1,'2021-04-03 19:48:12','2021-04-03 19:48:12'),(171,'Test_81',8,0,'2021-04-04 19:48:12','2021-04-04 19:48:12'),(172,'Test_82',8,0,'2021-04-05 19:48:12','2021-04-05 19:48:12'),(173,'Test_83',8,0,'2021-04-06 19:48:12','2021-04-06 19:48:12'),(174,'Test_84',8,0,'2021-04-07 19:48:12','2021-04-07 19:48:12'),(175,'Test_85',8,0,'2021-04-08 19:48:12','2021-04-08 19:48:12'),(176,'Test_86',8,1,'2021-04-09 19:48:12','2021-04-09 19:48:12'),(177,'Test_87',8,0,'2021-04-10 19:48:12','2021-04-10 19:48:12'),(178,'Test_88',8,0,'2021-04-11 19:48:12','2021-04-11 19:48:12'),(179,'Test_89',8,0,'2021-04-12 19:48:12','2021-04-12 19:48:12'),(180,'Test_90',9,0,'2021-04-13 19:48:12','2021-04-13 19:48:12'),(181,'Test_91',9,0,'2021-04-14 19:48:12','2021-04-14 19:48:12'),(182,'Test_92',9,0,'2021-04-15 19:48:12','2021-04-15 19:48:12'),(183,'Test_93',9,0,'2021-04-16 19:48:12','2021-04-16 19:48:12'),(184,'Test_94',9,0,'2021-04-17 19:48:12','2021-04-17 19:48:12'),(185,'Test_95',9,1,'2021-04-18 19:48:12','2021-04-18 19:48:12'),(186,'Test_96',9,0,'2021-04-19 19:48:12','2021-04-19 19:48:12'),(187,'Test_97',9,0,'2021-04-20 19:48:12','2021-04-20 19:48:12'),(188,'Test_98',9,1,'2021-04-21 19:48:12','2021-04-21 19:48:12'),(189,'Test_99',9,0,'2021-04-22 19:48:12','2021-04-22 19:48:12'),(190,'Test_100',10,0,'2021-04-23 19:48:12','2021-04-23 19:48:12'),(191,'Test_101',10,0,'2021-04-24 19:48:12','2021-04-24 19:48:12'),(192,'Test_102',10,0,'2021-04-25 19:48:12','2021-04-25 19:48:12'),(193,'Test_103',10,0,'2021-04-26 19:48:12','2021-04-26 19:48:12'),(194,'Test_104',10,0,'2021-04-27 19:48:12','2021-04-27 19:48:12'),(195,'Test_105',10,0,'2021-04-28 19:48:12','2021-04-28 19:48:12'),(196,'Test_106',10,0,'2021-04-29 19:48:12','2021-04-29 19:48:12'),(197,'Test_107',10,0,'2021-04-30 19:48:12','2021-04-30 19:48:12'),(198,'Test_108',10,0,'2021-05-01 19:48:12','2021-05-01 19:48:12'),(199,'Test_109',10,1,'2021-05-02 19:48:12','2021-05-02 19:48:12');
/*!40000 ALTER TABLE `questions` ENABLE KEYS */;
UNLOCK TABLES;
/*!50003 SET @saved_cs_client      = @@character_set_client */ ;
/*!50003 SET @saved_cs_results     = @@character_set_results */ ;
/*!50003 SET @saved_col_connection = @@collation_connection */ ;
/*!50003 SET character_set_client  = utf8mb4 */ ;
/*!50003 SET character_set_results = utf8mb4 */ ;
/*!50003 SET collation_connection  = utf8mb4_0900_ai_ci */ ;
/*!50003 SET @saved_sql_mode       = @@sql_mode */ ;
/*!50003 SET sql_mode              = 'ONLY_FULL_GROUP_BY,STRICT_TRANS_TABLES,NO_ZERO_IN_DATE,NO_ZERO_DATE,ERROR_FOR_DIVISION_BY_ZERO,NO_ENGINE_SUBSTITUTION' */ ;
/*!50032 DROP TRIGGER IF EXISTS question_timePlayed_check */;
DELIMITER ;;
/*!50003 CREATE*/ /*!50017 DEFINER=`mihai`@`localhost`*/ /*!50003 TRIGGER `question_timePlayed_check` BEFORE INSERT ON `questions` FOR EACH ROW IF NEW.times_played != 0
THEN SET NEW.times_played = 0; END IF */;;
DELIMITER ;
/*!50003 SET sql_mode              = @saved_sql_mode */ ;
/*!50003 SET character_set_client  = @saved_cs_client */ ;
/*!50003 SET character_set_results = @saved_cs_results */ ;
/*!50003 SET collation_connection  = @saved_col_connection */ ;

--
-- Table structure for table `teams`
--

DROP TABLE IF EXISTS `teams`;
/*!40101 SET @saved_cs_client     = @@character_set_client */;
/*!50503 SET character_set_client = utf8mb4 */;
CREATE TABLE `teams` (
  `id` int NOT NULL AUTO_INCREMENT,
  `name` varchar(255) NOT NULL,
  `role` varchar(255) NOT NULL,
  `total_time` varchar(255) DEFAULT NULL,
  `corect_answers` int DEFAULT NULL,
  `total_points` int DEFAULT NULL,
  `createdAt` datetime NOT NULL,
  `updatedAt` datetime NOT NULL,
  PRIMARY KEY (`id`),
  UNIQUE KEY `name` (`name`)
) ENGINE=InnoDB AUTO_INCREMENT=13 DEFAULT CHARSET=utf8mb4 COLLATE=utf8mb4_0900_ai_ci;
/*!40101 SET character_set_client = @saved_cs_client */;

--
-- Dumping data for table `teams`
--

LOCK TABLES `teams` WRITE;
/*!40000 ALTER TABLE `teams` DISABLE KEYS */;
INSERT INTO `teams` VALUES (4,'admin','ROLE_ADMIN',NULL,NULL,NULL,'2021-01-22 16:43:47','2021-01-22 16:43:47'),(5,'biden\'s team','ROLE_USER',NULL,NULL,NULL,'2021-01-22 17:35:23','2021-01-22 17:35:23'),(6,'trump\'s team','ROLE_USER',NULL,NULL,NULL,'2021-01-22 17:36:45','2021-01-22 17:36:45'),(7,'w@w','ROLE_USER',NULL,NULL,NULL,'2021-01-24 18:19:58','2021-01-24 18:19:58'),(8,'poj','ROLE_USER',NULL,NULL,NULL,'2021-01-24 18:56:26','2021-01-24 18:56:26'),(9,'sh','ROLE_USER',NULL,NULL,NULL,'2021-01-24 18:59:57','2021-01-24 18:59:57'),(10,'t1','ROLE_USER',NULL,NULL,NULL,'2021-01-24 19:01:02','2021-01-24 19:01:02'),(11,'testest_user','ROLE_USER',NULL,NULL,NULL,'2021-01-24 21:17:42','2021-01-24 21:17:42'),(12,'yugi','ROLE_USER',NULL,NULL,NULL,'2021-01-24 21:20:55','2021-01-24 21:20:55');
/*!40000 ALTER TABLE `teams` ENABLE KEYS */;
UNLOCK TABLES;
/*!50003 SET @saved_cs_client      = @@character_set_client */ ;
/*!50003 SET @saved_cs_results     = @@character_set_results */ ;
/*!50003 SET @saved_col_connection = @@collation_connection */ ;
/*!50003 SET character_set_client  = utf8mb4 */ ;
/*!50003 SET character_set_results = utf8mb4 */ ;
/*!50003 SET collation_connection  = utf8mb4_0900_ai_ci */ ;
/*!50003 SET @saved_sql_mode       = @@sql_mode */ ;
/*!50003 SET sql_mode              = 'ONLY_FULL_GROUP_BY,STRICT_TRANS_TABLES,NO_ZERO_IN_DATE,NO_ZERO_DATE,ERROR_FOR_DIVISION_BY_ZERO,NO_ENGINE_SUBSTITUTION' */ ;
/*!50032 DROP TRIGGER IF EXISTS teams_points_check */;
DELIMITER ;;
/*!50003 CREATE*/ /*!50017 DEFINER=`mihai`@`localhost`*/ /*!50003 TRIGGER `teams_points_check` BEFORE INSERT ON `teams` FOR EACH ROW IF NEW.total_points != 0
THEN SET NEW.total_points = 0; END IF */;;
DELIMITER ;
/*!50003 SET sql_mode              = @saved_sql_mode */ ;
/*!50003 SET character_set_client  = @saved_cs_client */ ;
/*!50003 SET character_set_results = @saved_cs_results */ ;
/*!50003 SET collation_connection  = @saved_col_connection */ ;
/*!50003 SET @saved_cs_client      = @@character_set_client */ ;
/*!50003 SET @saved_cs_results     = @@character_set_results */ ;
/*!50003 SET @saved_col_connection = @@collation_connection */ ;
/*!50003 SET character_set_client  = utf8mb4 */ ;
/*!50003 SET character_set_results = utf8mb4 */ ;
/*!50003 SET collation_connection  = utf8mb4_0900_ai_ci */ ;
/*!50003 SET @saved_sql_mode       = @@sql_mode */ ;
/*!50003 SET sql_mode              = 'ONLY_FULL_GROUP_BY,STRICT_TRANS_TABLES,NO_ZERO_IN_DATE,NO_ZERO_DATE,ERROR_FOR_DIVISION_BY_ZERO,NO_ENGINE_SUBSTITUTION' */ ;
/*!50032 DROP TRIGGER IF EXISTS teams_answers_check */;
DELIMITER ;;
/*!50003 CREATE*/ /*!50017 DEFINER=`mihai`@`localhost`*/ /*!50003 TRIGGER `teams_answers_check` BEFORE INSERT ON `teams` FOR EACH ROW IF NEW.corect_answers != 0
THEN SET NEW.corect_answers = 0; END IF */;;
DELIMITER ;
/*!50003 SET sql_mode              = @saved_sql_mode */ ;
/*!50003 SET character_set_client  = @saved_cs_client */ ;
/*!50003 SET character_set_results = @saved_cs_results */ ;
/*!50003 SET collation_connection  = @saved_col_connection */ ;

--
-- Table structure for table `users`
--

DROP TABLE IF EXISTS `users`;
/*!40101 SET @saved_cs_client     = @@character_set_client */;
/*!50503 SET character_set_client = utf8mb4 */;
CREATE TABLE `users` (
  `id` int NOT NULL AUTO_INCREMENT,
  `first_name` varchar(255) NOT NULL,
  `last_name` varchar(255) NOT NULL,
  `email` varchar(255) NOT NULL,
  `password` varchar(1000) NOT NULL,
  `phone` varchar(16) DEFAULT NULL,
  `team_id` int DEFAULT NULL,
  `is_active` tinyint(1) NOT NULL DEFAULT '0',
  `role` varchar(255) DEFAULT NULL,
  `createdAt` datetime NOT NULL,
  `updatedAt` datetime NOT NULL,
  PRIMARY KEY (`id`),
  UNIQUE KEY `email` (`email`),
  KEY `team_id` (`team_id`),
  CONSTRAINT `users_ibfk_1` FOREIGN KEY (`team_id`) REFERENCES `teams` (`id`)
) ENGINE=InnoDB AUTO_INCREMENT=17 DEFAULT CHARSET=utf8mb4 COLLATE=utf8mb4_0900_ai_ci;
/*!40101 SET character_set_client = @saved_cs_client */;

--
-- Dumping data for table `users`
--

LOCK TABLES `users` WRITE;
/*!40000 ALTER TABLE `users` DISABLE KEYS */;
INSERT INTO `users` VALUES (1,'Joe','Admin','joe.admin@xyz.com','$2b$10$pUjoszsNv9YDkLFj1bV1g.bNTVOS9ILqSPH3bPdpYTNOH5ro4U4au','0000',4,0,'ROLE_ADMIN','2021-01-22 16:43:47','2021-01-22 16:43:47'),(2,'Jane','Admin','jane.admin@xyz.com','$2b$10$pUjoszsNv9YDkLFj1bV1g.bNTVOS9ILqSPH3bPdpYTNOH5ro4U4au','0000',4,0,'ROLE_ADMIN','2021-01-22 16:43:47','2021-01-22 16:43:47'),(3,'Joe','Biden','joe@usa.com','$2b$10$EcKmT8ppmfpJQhyCJGjrC./iIbQQmUETogg4FHHRIgYD7OnF1hy5.','0000',5,0,'ROLE_USER','2021-01-22 17:35:23','2021-01-22 17:35:23'),(4,'Jill','Biden','jill@usa.com','$2b$10$EcKmT8ppmfpJQhyCJGjrC./iIbQQmUETogg4FHHRIgYD7OnF1hy5.','0000',5,0,'ROLE_USER','2021-01-22 17:35:23','2021-01-22 17:35:23'),(5,'Donald','Trump','trump@usa.com','$2b$10$Oesz2yqz6tM5l3Ld9IMMb./T1JdHZMnDUks1yCYPpgxPli4x56fRK','0000',6,0,'ROLE_USER','2021-01-22 17:36:45','2021-01-22 17:36:45'),(6,'Melania','Trumo','melania@usa.com','$2b$10$Oesz2yqz6tM5l3Ld9IMMb./T1JdHZMnDUks1yCYPpgxPli4x56fRK','0000',6,0,'ROLE_USER','2021-01-22 17:36:45','2021-01-22 17:36:45'),(15,'poli','asdophb','poli@p','$2b$10$pUjoszsNv9YDkLFj1bV1g.bNTVOS9ILqSPH3bPdpYTNOH5ro4U4au','90909',7,0,'ROLE_USER','2021-01-24 21:20:55','2021-01-24 21:20:55'),(16,'koi','jio','k@k','$2b$10$pUjoszsNv9YDkLFj1bV1g.bNTVOS9ILqSPH3bPdpYTNOH5ro4U4au','756',7,0,'ROLE_USER','2021-01-24 21:20:55','2021-01-24 21:20:55');
/*!40000 ALTER TABLE `users` ENABLE KEYS */;
UNLOCK TABLES;

--
-- Table structure for table `users_active_namespaces`
--

DROP TABLE IF EXISTS `users_active_namespaces`;
/*!40101 SET @saved_cs_client     = @@character_set_client */;
/*!50503 SET character_set_client = utf8mb4 */;
CREATE TABLE `users_active_namespaces` (
  `id` int NOT NULL AUTO_INCREMENT,
  `team_id` int DEFAULT NULL,
  `active_namespace_id` int DEFAULT NULL,
  `corect_answers` int DEFAULT NULL,
  `total_points` int DEFAULT NULL,
  `createdAt` datetime NOT NULL,
  `updatedAt` datetime NOT NULL,
  PRIMARY KEY (`id`),
  KEY `team_id` (`team_id`),
  KEY `active_namespace_id` (`active_namespace_id`),
  CONSTRAINT `users_active_namespaces_ibfk_1` FOREIGN KEY (`team_id`) REFERENCES `teams` (`id`),
  CONSTRAINT `users_active_namespaces_ibfk_2` FOREIGN KEY (`active_namespace_id`) REFERENCES `active_namespaces` (`id`)
) ENGINE=InnoDB AUTO_INCREMENT=11 DEFAULT CHARSET=utf8mb4 COLLATE=utf8mb4_0900_ai_ci;
/*!40101 SET character_set_client = @saved_cs_client */;

--
-- Dumping data for table `users_active_namespaces`
--

LOCK TABLES `users_active_namespaces` WRITE;
/*!40000 ALTER TABLE `users_active_namespaces` DISABLE KEYS */;
INSERT INTO `users_active_namespaces` VALUES (1,5,1,0,0,'2021-01-24 19:11:01','2021-01-24 19:11:01'),(2,6,1,0,0,'2021-01-24 19:11:01','2021-01-24 19:11:01'),(3,6,2,0,0,'2021-01-24 21:12:56','2021-01-24 21:12:56'),(4,5,2,0,0,'2021-01-24 21:12:56','2021-01-24 21:12:56'),(5,5,3,0,12,'2021-01-24 21:14:05','2021-01-24 21:14:05'),(6,6,3,0,13,'2021-01-24 21:14:05','2021-01-24 21:14:05'),(7,7,4,0,0,'2021-01-24 22:39:57','2021-01-24 22:39:57'),(8,5,4,0,0,'2021-01-24 22:39:57','2021-01-24 22:39:57'),(9,5,5,0,0,'2021-01-24 22:40:44','2021-01-24 22:40:44'),(10,6,5,0,0,'2021-01-24 22:40:44','2021-01-24 22:40:44');
/*!40000 ALTER TABLE `users_active_namespaces` ENABLE KEYS */;
UNLOCK TABLES;
/*!50003 SET @saved_cs_client      = @@character_set_client */ ;
/*!50003 SET @saved_cs_results     = @@character_set_results */ ;
/*!50003 SET @saved_col_connection = @@collation_connection */ ;
/*!50003 SET character_set_client  = utf8mb4 */ ;
/*!50003 SET character_set_results = utf8mb4 */ ;
/*!50003 SET collation_connection  = utf8mb4_0900_ai_ci */ ;
/*!50003 SET @saved_sql_mode       = @@sql_mode */ ;
/*!50003 SET sql_mode              = 'ONLY_FULL_GROUP_BY,STRICT_TRANS_TABLES,NO_ZERO_IN_DATE,NO_ZERO_DATE,ERROR_FOR_DIVISION_BY_ZERO,NO_ENGINE_SUBSTITUTION' */ ;
/*!50032 DROP TRIGGER IF EXISTS nsp_points_check */;
DELIMITER ;;
/*!50003 CREATE*/ /*!50017 DEFINER=`mihai`@`localhost`*/ /*!50003 TRIGGER `nsp_points_check` BEFORE INSERT ON `users_active_namespaces` FOR EACH ROW IF NEW.total_points != 0
THEN SET NEW.total_points = 0; END IF */;;
DELIMITER ;
/*!50003 SET sql_mode              = @saved_sql_mode */ ;
/*!50003 SET character_set_client  = @saved_cs_client */ ;
/*!50003 SET character_set_results = @saved_cs_results */ ;
/*!50003 SET collation_connection  = @saved_col_connection */ ;
/*!50003 SET @saved_cs_client      = @@character_set_client */ ;
/*!50003 SET @saved_cs_results     = @@character_set_results */ ;
/*!50003 SET @saved_col_connection = @@collation_connection */ ;
/*!50003 SET character_set_client  = utf8mb4 */ ;
/*!50003 SET character_set_results = utf8mb4 */ ;
/*!50003 SET collation_connection  = utf8mb4_0900_ai_ci */ ;
/*!50003 SET @saved_sql_mode       = @@sql_mode */ ;
/*!50003 SET sql_mode              = 'ONLY_FULL_GROUP_BY,STRICT_TRANS_TABLES,NO_ZERO_IN_DATE,NO_ZERO_DATE,ERROR_FOR_DIVISION_BY_ZERO,NO_ENGINE_SUBSTITUTION' */ ;
/*!50032 DROP TRIGGER IF EXISTS nsp_answers_check */;
DELIMITER ;;
/*!50003 CREATE*/ /*!50017 DEFINER=`mihai`@`localhost`*/ /*!50003 TRIGGER `nsp_answers_check` BEFORE INSERT ON `users_active_namespaces` FOR EACH ROW IF NEW.corect_answers != 0
THEN SET NEW.corect_answers = 0; END IF */;;
DELIMITER ;
/*!50003 SET sql_mode              = @saved_sql_mode */ ;
/*!50003 SET character_set_client  = @saved_cs_client */ ;
/*!50003 SET character_set_results = @saved_cs_results */ ;
/*!50003 SET collation_connection  = @saved_col_connection */ ;
/*!40103 SET TIME_ZONE=@OLD_TIME_ZONE */;

/*!40101 SET SQL_MODE=@OLD_SQL_MODE */;
/*!40014 SET FOREIGN_KEY_CHECKS=@OLD_FOREIGN_KEY_CHECKS */;
/*!40014 SET UNIQUE_CHECKS=@OLD_UNIQUE_CHECKS */;
/*!40101 SET CHARACTER_SET_CLIENT=@OLD_CHARACTER_SET_CLIENT */;
/*!40101 SET CHARACTER_SET_RESULTS=@OLD_CHARACTER_SET_RESULTS */;
/*!40101 SET COLLATION_CONNECTION=@OLD_COLLATION_CONNECTION */;
/*!40111 SET SQL_NOTES=@OLD_SQL_NOTES */;

-- Dump completed on 2021-01-24 23:20:56
